{
  "1": {
    "batch_size": 1,
    "mean_latency_ms": 1.8057809300717054,
    "p50_ms": 1.7984840001190605,
    "p95_ms": 2.0340953004506446,
    "p99_ms": 2.190623089318251,
    "throughput_requests_per_sec": 553.77702984176
  },
  "4": {
    "batch_size": 4,
    "mean_latency_ms": 1.8474059799700626,
    "p50_ms": 1.8151964995922754,
    "p95_ms": 2.088748299775034,
    "p99_ms": 2.119926400227996,
    "throughput_requests_per_sec": 2165.1981445165725
  },
  "8": {
    "batch_size": 8,
    "mean_latency_ms": 2.1137190500394354,
    "p50_ms": 2.101410500017664,
    "p95_ms": 2.303593899750922,
    "p99_ms": 2.363821630533502,
    "throughput_requests_per_sec": 3784.7981735561048
  },
  "16": {
    "batch_size": 16,
    "mean_latency_ms": 2.331979059990772,
    "p50_ms": 2.3240094997163396,
    "p95_ms": 2.5167007497657323,
    "p99_ms": 2.605670480261325,
    "throughput_requests_per_sec": 6861.12507376602
  },
  "32": {
    "batch_size": 32,
    "mean_latency_ms": 3.7830856399978074,
    "p50_ms": 3.7896110002293426,
    "p95_ms": 3.843778900727557,
    "p99_ms": 3.85885889997553,
    "throughput_requests_per_sec": 8458.703567709492
  },
  "64": {
    "batch_size": 64,
    "mean_latency_ms": 7.536469380056587,
    "p50_ms": 7.540010999946389,
    "p95_ms": 7.649156200113794,
    "p99_ms": 7.725933419933426,
    "throughput_requests_per_sec": 8492.040075072853
  },
  "128": {
    "batch_size": 128,
    "mean_latency_ms": 15.297851100021944,
    "p50_ms": 15.308585999719071,
    "p95_ms": 15.571268450185016,
    "p99_ms": 15.656814859648875,
    "throughput_requests_per_sec": 8367.188251676498
  }
}