{
  "short": {
    "num_users": 177,
    "hit_at_10": 0.7909604519774012,
    "ndcg_at_10": 0.5447388703985372
  },
  "medium": {
    "num_users": 3007,
    "hit_at_10": 0.7755237778516794,
    "ndcg_at_10": 0.5423055205045538
  },
  "long": {
    "num_users": 2856,
    "hit_at_10": 0.6292016806722689,
    "ndcg_at_10": 0.4619431348935767
  }
}